Name,Visitor,Building,Status,Status Reason,Year1,Month1,Day1,DayOfWeek1,Year2,Month2,Day2,DayOfWeek2,Hour1,Minute1,Hour2,Minute2,Hour3,Minute3,Hour4,Minute4,Second1,Second2
Scott Konersmann (sample) - Fourth Coffee House,Scott Konersmann (sample),Fourth Coffee House,Inactive,Inactive,0,0,0,4,0,0,0,4,11,30,12,0,11,25,12,10,0,0
Rene Valdes (sample) - Alpine Ski House,Rene Valdes (sample),Alpine Ski House,Inactive,Inactive,0,0,0,4,0,0,0,4,9,30,10,30,9,21,10,30,0,0
Maria Campbell (sample) - Fabrikam Residences,Maria Campbell (sample),Fabrikam Residences,Inactive,Inactive,0,0,0,4,0,0,0,4,9,30,11,0,9,33,10,44,0,0
Robert Lyon (sample) - Fabrikam Residences,Robert Lyon (sample),Fabrikam Residences,Inactive,Inactive,0,0,0,4,0,0,0,4,9,0,10,30,9,1,10,42,0,0
Scott Konersmann (sample) - Fourth Coffee House,Scott Konersmann (sample),Fourth Coffee House,Inactive,Inactive,0,0,-1,3,0,0,-1,3,15,30,17,0,15,24,17,25,0,0
Robert Lyon (sample) - Fourth Coffee House,Robert Lyon (sample),Fourth Coffee House,Inactive,Inactive,0,0,-1,3,0,0,-1,3,15,30,16,30,15,33,16,22,0,0
Susan Burk (sample) - Contoso Suites,Susan Burk (sample),Contoso Suites,Inactive,Inactive,0,0,-1,3,0,0,-1,3,13,0,14,0,12,57,14,10,0,0
Patrick Sands (sample) - Fabrikam Residences,Patrick Sands (sample),Fabrikam Residences,Inactive,Inactive,0,0,-1,3,0,0,-1,3,13,0,13,30,13,10,13,46,0,0
Rene Valdes (sample) - Fabrikam Residences,Rene Valdes (sample),Fabrikam Residences,Inactive,Inactive,0,0,-1,3,0,0,-1,3,12,30,13,0,12,33,13,0,0,0
Sidney Higa (sample) - Alpine Ski House,Sidney Higa (sample),Alpine Ski House,Inactive,Inactive,0,0,-1,3,0,0,-1,3,12,0,13,30,12,0,13,30,0,0
Rene Valdes (sample) - Contoso Suites,Rene Valdes (sample),Contoso Suites,Inactive,Inactive,0,0,-2,2,0,0,-2,2,15,0,16,0,14,44,16,11,0,0
Patrick Sands (sample) - Alpine Ski House,Patrick Sands (sample),Alpine Ski House,Inactive,Inactive,0,0,-3,1,0,0,-3,1,16,30,17,30,16,45,17,32,0,0
Susan Burk (sample) - Alpine Ski House,Susan Burk (sample),Alpine Ski House,Inactive,Inactive,0,0,-3,1,0,0,-3,1,15,30,16,30,15,19,16,27,0,0
Patrick Sands (sample) - Fourth Coffee House,Patrick Sands (sample),Fourth Coffee House,Inactive,Inactive,0,0,-3,1,0,0,-3,1,14,0,14,30,13,51,14,28,0,0
Scott Konersmann (sample) - Contoso Suites,Scott Konersmann (sample),Contoso Suites,Inactive,Inactive,0,0,-3,1,0,0,-3,1,13,0,13,30,13,14,13,44,0,0
Yvonne McKay (sample) - Northwind Traders Tower,Yvonne McKay (sample),Northwind Traders Tower,Inactive,Inactive,0,0,-3,1,0,0,-3,1,12,0,12,30,12,3,12,26,0,0
Thomas Andersen (sample) - Fourth Coffee House,Thomas Andersen (sample),Fourth Coffee House,Inactive,Inactive,0,0,-3,1,0,0,-3,1,12,0,12,30,12,10,12,21,0,0
Susan Burk (sample) - Fourth Coffee House,Susan Burk (sample),Fourth Coffee House,Inactive,Inactive,0,0,-6,5,0,0,-6,5,16,0,17,30,16,12,17,42,0,0
Patrick Sands (sample) - Fourth Coffee House,Patrick Sands (sample),Fourth Coffee House,Inactive,Inactive,0,0,-6,5,0,0,-6,5,13,30,15,0,13,27,14,52,0,0
Paul Cannon (sample) - Fabrikam Residences,Paul Cannon (sample),Fabrikam Residences,Inactive,Inactive,0,0,-6,5,0,0,-6,5,11,30,13,0,11,40,13,2,0,0
Susanna Stubberod (sample) - Fabrikam Residences,Susanna Stubberod (sample),Fabrikam Residences,Inactive,Inactive,0,0,-6,5,0,0,-6,5,11,0,12,30,10,59,12,21,0,0
Patrick Sands (sample) - Fabrikam Residences,Patrick Sands (sample),Fabrikam Residences,Inactive,Inactive,0,0,-6,5,0,0,-6,5,10,30,12,0,10,17,12,13,0,0
Jim Glynn (sample) - Fourth Coffee House,Jim Glynn (sample),Fourth Coffee House,Inactive,Inactive,0,0,-6,5,0,0,-6,5,10,0,11,0,10,15,10,53,0,0
Paul Cannon (sample) - Contoso Suites,Paul Cannon (sample),Contoso Suites,Inactive,Inactive,0,0,-6,5,0,0,-6,5,9,0,10,0,9,5,10,14,0,0
Patrick Sands (sample) - Contoso Suites,Patrick Sands (sample),Contoso Suites,Inactive,Inactive,0,0,-7,4,0,0,-7,4,18,0,18,30,17,58,18,34,0,0
Scott Konersmann (sample) - Contoso Suites,Scott Konersmann (sample),Contoso Suites,Inactive,Inactive,0,0,-7,4,0,0,-7,4,16,0,16,30,15,58,16,21,0,0
Robert Lyon (sample) - Northwind Traders Tower,Robert Lyon (sample),Northwind Traders Tower,Inactive,Inactive,0,0,-7,4,0,0,-7,4,8,0,9,30,7,54,9,24,0,0
Nancy Anderson (sample) - Alpine Ski House,Nancy Anderson (sample),Alpine Ski House,Inactive,Inactive,0,0,-8,3,0,0,-8,3,16,0,16,30,16,14,16,41,0,0
Susanna Stubberod (sample) - Alpine Ski House,Susanna Stubberod (sample),Alpine Ski House,Inactive,Inactive,0,0,-8,3,0,0,-8,3,14,30,16,0,14,30,16,12,0,0
Robert Lyon (sample) - Northwind Traders Tower,Robert Lyon (sample),Northwind Traders Tower,Inactive,Inactive,0,0,-8,3,0,0,-8,3,9,30,10,0,9,38,10,9,0,0
Maria Campbell (sample) - Contoso Suites,Maria Campbell (sample),Contoso Suites,Inactive,Inactive,0,0,-9,2,0,0,-9,2,18,0,19,0,17,46,18,51,0,0
Thomas Andersen (sample) - Fourth Coffee House,Thomas Andersen (sample),Fourth Coffee House,Inactive,Inactive,0,0,-9,2,0,0,-9,2,13,30,14,0,13,23,14,3,0,0
Sidney Higa (sample) - Northwind Traders Tower,Sidney Higa (sample),Northwind Traders Tower,Inactive,Inactive,0,0,-9,2,0,0,-9,2,11,30,12,30,11,18,12,33,0,0
Maria Campbell (sample) - Contoso Suites,Maria Campbell (sample),Contoso Suites,Inactive,Inactive,0,0,-9,2,0,0,-9,2,9,30,10,0,9,39,10,6,0,0
Susanna Stubberod (sample) - Fabrikam Residences,Susanna Stubberod (sample),Fabrikam Residences,Inactive,Inactive,0,0,-9,2,0,0,-9,2,9,30,10,30,9,45,10,31,0,0
Jim Glynn (sample) - Fourth Coffee House,Jim Glynn (sample),Fourth Coffee House,Inactive,Inactive,0,0,-9,2,0,0,-9,2,8,0,9,30,7,45,9,36,0,0
Maria Campbell (sample) - Alpine Ski House,Maria Campbell (sample),Alpine Ski House,Inactive,Inactive,0,0,-10,1,0,0,-10,1,14,0,15,0,14,1,14,45,0,0
Paul Cannon (sample) - Contoso Suites,Paul Cannon (sample),Contoso Suites,Inactive,Inactive,0,0,-10,1,0,0,-10,1,11,30,13,0,11,31,12,45,0,0
Thomas Andersen (sample) - Fourth Coffee House,Thomas Andersen (sample),Fourth Coffee House,Inactive,Inactive,0,0,-10,1,0,0,-10,1,8,30,9,0,8,26,8,52,0,0
Susanna Stubberod (sample) - Fourth Coffee House,Susanna Stubberod (sample),Fourth Coffee House,Inactive,Inactive,0,0,-13,5,0,0,-13,5,18,0,18,30,17,55,18,34,0,0
Robert Lyon (sample) - Northwind Traders Tower,Robert Lyon (sample),Northwind Traders Tower,Inactive,Inactive,0,0,-13,5,0,0,-13,5,12,0,13,0,11,52,13,1,0,0
Maria Campbell (sample) - Alpine Ski House,Maria Campbell (sample),Alpine Ski House,Inactive,Inactive,0,0,-13,5,0,0,-13,5,11,30,12,0,11,38,11,46,0,0
Scott Konersmann (sample) - Northwind Traders Tower,Scott Konersmann (sample),Northwind Traders Tower,Inactive,Inactive,0,0,-13,5,0,0,-13,5,8,0,9,0,7,47,9,5,0,0
Yvonne McKay (sample) - Fourth Coffee House,Yvonne McKay (sample),Fourth Coffee House,Inactive,Inactive,0,0,-14,4,0,0,-14,4,18,0,19,0,17,47,19,10,0,0
Paul Cannon (sample) - Fourth Coffee House,Paul Cannon (sample),Fourth Coffee House,Inactive,Inactive,0,0,-14,4,0,0,-14,4,17,0,17,30,16,51,17,17,0,0
Nancy Anderson (sample) - Fabrikam Residences,Nancy Anderson (sample),Fabrikam Residences,Inactive,Inactive,0,0,-14,4,0,0,-14,4,15,30,16,30,15,18,16,15,0,0
Patrick Sands (sample) - Contoso Suites,Patrick Sands (sample),Contoso Suites,Inactive,Inactive,0,0,-14,4,0,0,-14,4,15,30,17,0,15,37,16,52,0,0
Robert Lyon (sample) - Contoso Suites,Robert Lyon (sample),Contoso Suites,Inactive,Inactive,0,0,-14,4,0,0,-14,4,9,30,10,30,9,29,10,34,0,0
Jim Glynn (sample) - Contoso Suites,Jim Glynn (sample),Contoso Suites,Inactive,Inactive,0,0,-14,4,0,0,-14,4,8,30,10,0,8,34,10,2,0,0
Scott Konersmann (sample) - Fabrikam Residences,Scott Konersmann (sample),Fabrikam Residences,Inactive,Inactive,0,0,-15,3,0,0,-15,3,15,30,17,0,15,22,16,57,0,0
Robert Lyon (sample) - Fabrikam Residences,Robert Lyon (sample),Fabrikam Residences,Inactive,Inactive,0,0,-15,3,0,0,-15,3,13,30,14,0,13,19,14,3,0,0
Jim Glynn (sample) - Contoso Suites,Jim Glynn (sample),Contoso Suites,Inactive,Inactive,0,0,-15,3,0,0,-15,3,12,0,13,0,12,11,12,52,0,0
Susan Burk (sample) - Fourth Coffee House,Susan Burk (sample),Fourth Coffee House,Inactive,Inactive,0,0,-15,3,0,0,-15,3,11,0,12,0,10,50,11,46,0,0
Maria Campbell (sample) - Contoso Suites,Maria Campbell (sample),Contoso Suites,Inactive,Inactive,0,0,-16,2,0,0,-16,2,17,0,18,0,17,14,18,1,0,0
Thomas Andersen (sample) - Contoso Suites,Thomas Andersen (sample),Contoso Suites,Inactive,Inactive,0,0,-16,2,0,0,-16,2,17,0,17,30,17,0,17,38,0,0
Nancy Anderson (sample) - Contoso Suites,Nancy Anderson (sample),Contoso Suites,Inactive,Inactive,0,0,-16,2,0,0,-16,2,15,30,16,30,15,24,16,23,0,0
Paul Cannon (sample) - Fabrikam Residences,Paul Cannon (sample),Fabrikam Residences,Inactive,Inactive,0,0,-16,2,0,0,-16,2,14,30,16,0,14,18,15,54,0,0
Susan Burk (sample) - Fourth Coffee House,Susan Burk (sample),Fourth Coffee House,Inactive,Inactive,0,0,-16,2,0,0,-16,2,13,30,14,0,13,18,13,46,0,0
Robert Lyon (sample) - Contoso Suites,Robert Lyon (sample),Contoso Suites,Inactive,Inactive,0,0,-16,2,0,0,-16,2,11,0,11,30,11,6,11,16,0,0
Thomas Andersen (sample) - Fourth Coffee House,Thomas Andersen (sample),Fourth Coffee House,Inactive,Inactive,0,0,-16,2,0,0,-16,2,11,0,12,30,11,3,12,19,0,0
Robert Lyon (sample) - Fourth Coffee House,Robert Lyon (sample),Fourth Coffee House,Inactive,Inactive,0,0,-16,2,0,0,-16,2,8,30,9,0,8,35,8,48,0,0
Robert Lyon (sample) - Fourth Coffee House,Robert Lyon (sample),Fourth Coffee House,Inactive,Inactive,0,0,-17,1,0,0,-17,1,17,30,18,0,17,19,18,1,0,0
Thomas Andersen (sample) - Alpine Ski House,Thomas Andersen (sample),Alpine Ski House,Inactive,Inactive,0,0,-17,1,0,0,-17,1,15,0,16,0,14,55,16,15,0,0
Maria Campbell (sample) - Contoso Suites,Maria Campbell (sample),Contoso Suites,Inactive,Inactive,0,0,-17,1,0,0,-17,1,12,30,14,0,12,22,14,1,0,0
Paul Cannon (sample) - Fourth Coffee House,Paul Cannon (sample),Fourth Coffee House,Inactive,Inactive,0,0,-17,1,0,0,-17,1,10,30,12,0,10,23,11,56,0,0
Robert Lyon (sample) - Fabrikam Residences,Robert Lyon (sample),Fabrikam Residences,Inactive,Inactive,0,0,-17,1,0,0,-17,1,10,0,11,30,9,47,11,42,0,0
Patrick Sands (sample) - Contoso Suites,Patrick Sands (sample),Contoso Suites,Inactive,Inactive,0,0,-17,1,0,0,-17,1,8,0,9,0,8,12,8,55,0,0
Jim Glynn (sample) - Fabrikam Residences,Jim Glynn (sample),Fabrikam Residences,Inactive,Inactive,0,0,-20,5,0,0,-20,5,9,30,11,0,9,18,10,48,0,0
Yvonne McKay (sample) - Fabrikam Residences,Yvonne McKay (sample),Fabrikam Residences,Inactive,Inactive,0,0,-20,5,0,0,-20,5,9,0,10,0,8,57,9,45,0,0
Sidney Higa (sample) - Northwind Traders Tower,Sidney Higa (sample),Northwind Traders Tower,Inactive,Inactive,0,0,-20,5,0,0,-20,5,8,30,9,30,8,39,9,30,0,0
Jim Glynn (sample) - Contoso Suites,Jim Glynn (sample),Contoso Suites,Inactive,Inactive,0,0,-21,4,0,0,-21,4,15,30,16,30,15,34,16,16,0,0
Susan Burk (sample) - Fabrikam Residences,Susan Burk (sample),Fabrikam Residences,Inactive,Inactive,0,0,-22,3,0,0,-22,3,15,0,16,30,14,51,16,30,0,0
Sidney Higa (sample) - Alpine Ski House,Sidney Higa (sample),Alpine Ski House,Inactive,Inactive,0,0,-22,3,0,0,-22,3,12,30,13,30,12,19,13,15,0,0
Susan Burk (sample) - Fourth Coffee House,Susan Burk (sample),Fourth Coffee House,Inactive,Inactive,0,0,-22,3,0,0,-22,3,11,0,12,30,11,9,12,20,0,0
Patrick Sands (sample) - Alpine Ski House,Patrick Sands (sample),Alpine Ski House,Inactive,Inactive,0,0,-22,3,0,0,-22,3,10,30,11,0,10,18,10,53,0,0
Scott Konersmann (sample) - Northwind Traders Tower,Scott Konersmann (sample),Northwind Traders Tower,Inactive,Inactive,0,0,-22,3,0,0,-22,3,10,0,11,30,10,1,11,30,0,0
Thomas Andersen (sample) - Alpine Ski House,Thomas Andersen (sample),Alpine Ski House,Inactive,Inactive,0,0,-23,2,0,0,-23,2,15,30,17,0,15,35,17,11,0,0
Paul Cannon (sample) - Alpine Ski House,Paul Cannon (sample),Alpine Ski House,Inactive,Inactive,0,0,-23,2,0,0,-23,2,14,30,15,0,14,16,15,4,0,0
Robert Lyon (sample) - Contoso Suites,Robert Lyon (sample),Contoso Suites,Inactive,Inactive,0,0,-23,2,0,0,-23,2,11,0,11,30,11,14,11,18,0,0
Paul Cannon (sample) - Northwind Traders Tower,Paul Cannon (sample),Northwind Traders Tower,Inactive,Inactive,0,0,-23,2,0,0,-23,2,10,30,11,0,10,24,11,12,0,0
Nancy Anderson (sample) - Contoso Suites,Nancy Anderson (sample),Contoso Suites,Inactive,Inactive,0,0,-23,2,0,0,-23,2,9,30,10,30,9,20,10,25,0,0
Susan Burk (sample) - Fourth Coffee House,Susan Burk (sample),Fourth Coffee House,Inactive,Inactive,0,0,-23,2,0,0,-23,2,9,30,10,30,9,25,10,39,0,0
Rene Valdes (sample) - Northwind Traders Tower,Rene Valdes (sample),Northwind Traders Tower,Inactive,Inactive,0,0,-23,2,0,0,-23,2,9,30,10,30,9,36,10,24,0,0
Nancy Anderson (sample) - Northwind Traders Tower,Nancy Anderson (sample),Northwind Traders Tower,Inactive,Inactive,0,0,-23,2,0,0,-23,2,9,0,10,30,9,2,10,28,0,0
Scott Konersmann (sample) - Contoso Suites,Scott Konersmann (sample),Contoso Suites,Inactive,Inactive,0,0,-23,2,0,0,-23,2,8,0,9,0,7,46,8,56,0,0
