Name,Visitor,Building,Status,Status Reason,Year1,Month1,Day1,DayOfWeek1,Actual Start,Actual End,Hour1,Minute1,Hour2,Minute2,Second1
Maria Campbell (sample) - Contoso Suites,Maria Campbell (sample),Contoso Suites,Active,Active,0,0,36,5,,,16,0,16,30,0
Sidney Higa (sample) - Alpine Ski House,Sidney Higa (sample),Alpine Ski House,Active,Active,0,0,36,5,,,11,30,13,0,0
Sidney Higa (sample) - Fourth Coffee House,Sidney Higa (sample),Fourth Coffee House,Active,Active,0,0,36,5,,,10,0,10,30,0
Scott Konersmann (sample) - Contoso Suites,Scott Konersmann (sample),Contoso Suites,Active,Active,0,0,36,5,,,9,30,11,0,0
Jim Glynn (sample) - Contoso Suites,Jim Glynn (sample),Contoso Suites,Active,Active,0,0,36,5,,,9,0,10,30,0
Nancy Anderson (sample) - Fourth Coffee House,Nancy Anderson (sample),Fourth Coffee House,Active,Active,0,0,36,5,,,9,0,9,30,0
Paul Cannon (sample) - Contoso Suites,Paul Cannon (sample),Contoso Suites,Active,Active,0,0,36,5,,,8,0,8,30,0
Yvonne McKay (sample) - Fourth Coffee House,Yvonne McKay (sample),Fourth Coffee House,Active,Active,0,0,35,4,,,17,30,18,0,0
Robert Lyon (sample) - Fabrikam Residences,Robert Lyon (sample),Fabrikam Residences,Active,Active,0,0,35,4,,,10,30,11,30,0
Sidney Higa (sample) - Fabrikam Residences,Sidney Higa (sample),Fabrikam Residences,Active,Active,0,0,35,4,,,9,0,9,30,0
Paul Cannon (sample) - Northwind Traders Tower,Paul Cannon (sample),Northwind Traders Tower,Active,Active,0,0,35,4,,,8,30,9,30,0
Jim Glynn (sample) - Northwind Traders Tower,Jim Glynn (sample),Northwind Traders Tower,Active,Active,0,0,34,3,,,17,30,19,0,0
Paul Cannon (sample) - Contoso Suites,Paul Cannon (sample),Contoso Suites,Active,Active,0,0,34,3,,,16,30,17,30,0
Patrick Sands (sample) - Contoso Suites,Patrick Sands (sample),Contoso Suites,Active,Active,0,0,34,3,,,16,30,18,0,0
Robert Lyon (sample) - Fabrikam Residences,Robert Lyon (sample),Fabrikam Residences,Active,Active,0,0,34,3,,,14,30,15,0,0
Thomas Andersen (sample) - Northwind Traders Tower,Thomas Andersen (sample),Northwind Traders Tower,Active,Active,0,0,34,3,,,14,0,15,0,0
Maria Campbell (sample) - Contoso Suites,Maria Campbell (sample),Contoso Suites,Active,Active,0,0,34,3,,,12,0,13,0,0
Susan Burk (sample) - Fabrikam Residences,Susan Burk (sample),Fabrikam Residences,Active,Active,0,0,34,3,,,8,30,10,0,0
Sidney Higa (sample) - Fourth Coffee House,Sidney Higa (sample),Fourth Coffee House,Active,Active,0,0,33,2,,,17,30,19,0,0
Rene Valdes (sample) - Fabrikam Residences,Rene Valdes (sample),Fabrikam Residences,Active,Active,0,0,33,2,,,12,30,14,0,0
Susanna Stubberod (sample) - Fourth Coffee House,Susanna Stubberod (sample),Fourth Coffee House,Active,Active,0,0,32,1,,,17,30,18,30,0
Paul Cannon (sample) - Alpine Ski House,Paul Cannon (sample),Alpine Ski House,Active,Active,0,0,32,1,,,16,0,17,0,0
Susanna Stubberod (sample) - Northwind Traders Tower,Susanna Stubberod (sample),Northwind Traders Tower,Active,Active,0,0,32,1,,,15,30,16,30,0
Nancy Anderson (sample) - Contoso Suites,Nancy Anderson (sample),Contoso Suites,Active,Active,0,0,32,1,,,15,0,15,30,0
Nancy Anderson (sample) - Fourth Coffee House,Nancy Anderson (sample),Fourth Coffee House,Active,Active,0,0,32,1,,,13,30,15,0,0
Nancy Anderson (sample) - Fourth Coffee House,Nancy Anderson (sample),Fourth Coffee House,Active,Active,0,0,32,1,,,12,0,13,0,0
Sidney Higa (sample) - Fourth Coffee House,Sidney Higa (sample),Fourth Coffee House,Active,Active,0,0,32,1,,,11,30,12,0,0
Susan Burk (sample) - Fabrikam Residences,Susan Burk (sample),Fabrikam Residences,Active,Active,0,0,32,1,,,10,0,10,30,0
Robert Lyon (sample) - Alpine Ski House,Robert Lyon (sample),Alpine Ski House,Active,Active,0,0,32,1,,,9,0,10,0,0
Patrick Sands (sample) - Alpine Ski House,Patrick Sands (sample),Alpine Ski House,Active,Active,0,0,29,5,,,17,0,17,30,0
Yvonne McKay (sample) - Fabrikam Residences,Yvonne McKay (sample),Fabrikam Residences,Active,Active,0,0,29,5,,,12,30,13,0,0
Robert Lyon (sample) - Northwind Traders Tower,Robert Lyon (sample),Northwind Traders Tower,Active,Active,0,0,29,5,,,12,30,13,0,0
Rene Valdes (sample) - Northwind Traders Tower,Rene Valdes (sample),Northwind Traders Tower,Active,Active,0,0,29,5,,,12,30,13,0,0
Maria Campbell (sample) - Northwind Traders Tower,Maria Campbell (sample),Northwind Traders Tower,Active,Active,0,0,29,5,,,11,0,12,0,0
Thomas Andersen (sample) - Northwind Traders Tower,Thomas Andersen (sample),Northwind Traders Tower,Active,Active,0,0,29,5,,,9,30,10,30,0
Sidney Higa (sample) - Fabrikam Residences,Sidney Higa (sample),Fabrikam Residences,Active,Active,0,0,28,4,,,17,30,19,0,0
Yvonne McKay (sample) - Alpine Ski House,Yvonne McKay (sample),Alpine Ski House,Active,Active,0,0,28,4,,,17,30,18,30,0
Robert Lyon (sample) - Alpine Ski House,Robert Lyon (sample),Alpine Ski House,Active,Active,0,0,28,4,,,13,30,14,0,0
Susan Burk (sample) - Northwind Traders Tower,Susan Burk (sample),Northwind Traders Tower,Active,Active,0,0,28,4,,,11,0,11,30,0
Susanna Stubberod (sample) - Alpine Ski House,Susanna Stubberod (sample),Alpine Ski House,Active,Active,0,0,28,4,,,8,30,9,0,0
Susan Burk (sample) - Fabrikam Residences,Susan Burk (sample),Fabrikam Residences,Active,Active,0,0,27,3,,,17,0,17,30,0
Patrick Sands (sample) - Fourth Coffee House,Patrick Sands (sample),Fourth Coffee House,Active,Active,0,0,27,3,,,16,0,17,0,0
Patrick Sands (sample) - Northwind Traders Tower,Patrick Sands (sample),Northwind Traders Tower,Active,Active,0,0,27,3,,,8,30,10,0,0
Patrick Sands (sample) - Contoso Suites,Patrick Sands (sample),Contoso Suites,Active,Active,0,0,26,2,,,14,30,16,0,0
Maria Campbell (sample) - Northwind Traders Tower,Maria Campbell (sample),Northwind Traders Tower,Active,Active,0,0,26,2,,,14,0,15,0,0
Nancy Anderson (sample) - Fabrikam Residences,Nancy Anderson (sample),Fabrikam Residences,Active,Active,0,0,26,2,,,8,30,10,0,0
Thomas Andersen (sample) - Fourth Coffee House,Thomas Andersen (sample),Fourth Coffee House,Active,Active,0,0,26,2,,,8,30,9,30,0
Maria Campbell (sample) - Fabrikam Residences,Maria Campbell (sample),Fabrikam Residences,Active,Active,0,0,26,2,,,8,0,9,0,0
Susanna Stubberod (sample) - Contoso Suites,Susanna Stubberod (sample),Contoso Suites,Active,Active,0,0,25,1,,,18,0,19,0,0
Thomas Andersen (sample) - Fourth Coffee House,Thomas Andersen (sample),Fourth Coffee House,Active,Active,0,0,25,1,,,17,0,17,30,0
Scott Konersmann (sample) - Northwind Traders Tower,Scott Konersmann (sample),Northwind Traders Tower,Active,Active,0,0,25,1,,,16,30,17,30,0
Nancy Anderson (sample) - Alpine Ski House,Nancy Anderson (sample),Alpine Ski House,Active,Active,0,0,25,1,,,15,30,16,0,0
Patrick Sands (sample) - Contoso Suites,Patrick Sands (sample),Contoso Suites,Active,Active,0,0,25,1,,,15,30,17,0,0
Thomas Andersen (sample) - Northwind Traders Tower,Thomas Andersen (sample),Northwind Traders Tower,Active,Active,0,0,25,1,,,15,0,16,0,0
Robert Lyon (sample) - Fourth Coffee House,Robert Lyon (sample),Fourth Coffee House,Active,Active,0,0,25,1,,,11,0,11,30,0
Scott Konersmann (sample) - Contoso Suites,Scott Konersmann (sample),Contoso Suites,Active,Active,0,0,25,1,,,10,0,10,30,0
Susanna Stubberod (sample) - Fabrikam Residences,Susanna Stubberod (sample),Fabrikam Residences,Active,Active,0,0,22,5,,,18,0,19,30,0
Maria Campbell (sample) - Alpine Ski House,Maria Campbell (sample),Alpine Ski House,Active,Active,0,0,22,5,,,16,0,17,0,0
Patrick Sands (sample) - Fabrikam Residences,Patrick Sands (sample),Fabrikam Residences,Active,Active,0,0,22,5,,,14,30,15,30,0
Susan Burk (sample) - Northwind Traders Tower,Susan Burk (sample),Northwind Traders Tower,Active,Active,0,0,22,5,,,11,30,12,0,0
Susan Burk (sample) - Fourth Coffee House,Susan Burk (sample),Fourth Coffee House,Active,Active,0,0,22,5,,,10,0,11,30,0
Thomas Andersen (sample) - Contoso Suites,Thomas Andersen (sample),Contoso Suites,Active,Active,0,0,22,5,,,9,30,11,0,0
Rene Valdes (sample) - Fabrikam Residences,Rene Valdes (sample),Fabrikam Residences,Active,Active,0,0,21,4,,,18,0,19,0,0
Nancy Anderson (sample) - Fourth Coffee House,Nancy Anderson (sample),Fourth Coffee House,Active,Active,0,0,20,3,,,18,0,18,30,0
Maria Campbell (sample) - Alpine Ski House,Maria Campbell (sample),Alpine Ski House,Active,Active,0,0,20,3,,,16,0,16,30,0
Nancy Anderson (sample) - Fourth Coffee House,Nancy Anderson (sample),Fourth Coffee House,Active,Active,0,0,20,3,,,15,30,17,0,0
Paul Cannon (sample) - Alpine Ski House,Paul Cannon (sample),Alpine Ski House,Active,Active,0,0,20,3,,,15,30,16,0,0
Susanna Stubberod (sample) - Northwind Traders Tower,Susanna Stubberod (sample),Northwind Traders Tower,Active,Active,0,0,20,3,,,13,30,14,0,0
Scott Konersmann (sample) - Fabrikam Residences,Scott Konersmann (sample),Fabrikam Residences,Active,Active,0,0,20,3,,,11,30,12,30,0
Susanna Stubberod (sample) - Contoso Suites,Susanna Stubberod (sample),Contoso Suites,Active,Active,0,0,20,3,,,8,30,9,0,0
Scott Konersmann (sample) - Northwind Traders Tower,Scott Konersmann (sample),Northwind Traders Tower,Active,Active,0,0,19,2,,,12,0,12,30,0
Rene Valdes (sample) - Northwind Traders Tower,Rene Valdes (sample),Northwind Traders Tower,Active,Active,0,0,19,2,,,9,0,10,30,0
Scott Konersmann (sample) - Northwind Traders Tower,Scott Konersmann (sample),Northwind Traders Tower,Active,Active,0,0,18,1,,,18,0,19,0,0
Maria Campbell (sample) - Contoso Suites,Maria Campbell (sample),Contoso Suites,Active,Active,0,0,18,1,,,9,30,10,30,0
Sidney Higa (sample) - Fourth Coffee House,Sidney Higa (sample),Fourth Coffee House,Active,Active,0,0,15,5,,,15,0,16,30,0
Patrick Sands (sample) - Fourth Coffee House,Patrick Sands (sample),Fourth Coffee House,Active,Active,0,0,15,5,,,14,30,16,0,0
Robert Lyon (sample) - Contoso Suites,Robert Lyon (sample),Contoso Suites,Active,Active,0,0,15,5,,,10,0,11,30,0
Susan Burk (sample) - Alpine Ski House,Susan Burk (sample),Alpine Ski House,Active,Active,0,0,14,4,,,15,0,16,30,0
Robert Lyon (sample) - Contoso Suites,Robert Lyon (sample),Contoso Suites,Active,Active,0,0,14,4,,,14,30,15,0,0
Susanna Stubberod (sample) - Alpine Ski House,Susanna Stubberod (sample),Alpine Ski House,Active,Active,0,0,14,4,,,11,0,12,30,0
Patrick Sands (sample) - Fourth Coffee House,Patrick Sands (sample),Fourth Coffee House,Active,Active,0,0,13,3,,,16,30,18,0,0
Maria Campbell (sample) - Contoso Suites,Maria Campbell (sample),Contoso Suites,Active,Active,0,0,13,3,,,16,30,18,0,0
Yvonne McKay (sample) - Alpine Ski House,Yvonne McKay (sample),Alpine Ski House,Active,Active,0,0,13,3,,,16,0,17,30,0
Patrick Sands (sample) - Fourth Coffee House,Patrick Sands (sample),Fourth Coffee House,Active,Active,0,0,13,3,,,14,30,16,0,0
Jim Glynn (sample) - Fabrikam Residences,Jim Glynn (sample),Fabrikam Residences,Active,Active,0,0,13,3,,,14,30,16,0,0
Sidney Higa (sample) - Fourth Coffee House,Sidney Higa (sample),Fourth Coffee House,Active,Active,0,0,13,3,,,13,0,14,30,0
Yvonne McKay (sample) - Northwind Traders Tower,Yvonne McKay (sample),Northwind Traders Tower,Active,Active,0,0,13,3,,,11,30,12,30,0
Nancy Anderson (sample) - Alpine Ski House,Nancy Anderson (sample),Alpine Ski House,Active,Active,0,0,13,3,,,10,0,10,30,0
Susan Burk (sample) - Fourth Coffee House,Susan Burk (sample),Fourth Coffee House,Active,Active,0,0,13,3,,,8,30,9,30,0
Thomas Andersen (sample) - Fourth Coffee House,Thomas Andersen (sample),Fourth Coffee House,Active,Active,0,0,12,2,,,18,0,19,30,0
Scott Konersmann (sample) - Alpine Ski House,Scott Konersmann (sample),Alpine Ski House,Active,Active,0,0,12,2,,,17,0,17,30,0
Jim Glynn (sample) - Alpine Ski House,Jim Glynn (sample),Alpine Ski House,Active,Active,0,0,12,2,,,14,30,15,0,0
Robert Lyon (sample) - Fourth Coffee House,Robert Lyon (sample),Fourth Coffee House,Active,Active,0,0,12,2,,,11,30,12,30,0
Nancy Anderson (sample) - Northwind Traders Tower,Nancy Anderson (sample),Northwind Traders Tower,Active,Active,0,0,12,2,,,10,30,11,0,0
Patrick Sands (sample) - Fourth Coffee House,Patrick Sands (sample),Fourth Coffee House,Active,Active,0,0,12,2,,,10,0,10,30,0
Jim Glynn (sample) - Fourth Coffee House,Jim Glynn (sample),Fourth Coffee House,Active,Active,0,0,11,1,,,17,30,18,0,0
Sidney Higa (sample) - Fabrikam Residences,Sidney Higa (sample),Fabrikam Residences,Active,Active,0,0,11,1,,,17,0,18,30,0
Yvonne McKay (sample) - Alpine Ski House,Yvonne McKay (sample),Alpine Ski House,Active,Active,0,0,11,1,,,15,0,16,0,0
Jim Glynn (sample) - Fabrikam Residences,Jim Glynn (sample),Fabrikam Residences,Active,Active,0,0,11,1,,,14,0,14,30,0
Yvonne McKay (sample) - Contoso Suites,Yvonne McKay (sample),Contoso Suites,Active,Active,0,0,11,1,,,11,0,12,0,0
Nancy Anderson (sample) - Northwind Traders Tower,Nancy Anderson (sample),Northwind Traders Tower,Active,Active,0,0,11,1,,,9,30,10,0,0
Susan Burk (sample) - Fabrikam Residences,Susan Burk (sample),Fabrikam Residences,Active,Active,0,0,8,5,,,18,0,18,30,0
Thomas Andersen (sample) - Contoso Suites,Thomas Andersen (sample),Contoso Suites,Active,Active,0,0,8,5,,,15,0,16,0,0
Robert Lyon (sample) - Fourth Coffee House,Robert Lyon (sample),Fourth Coffee House,Active,Active,0,0,8,5,,,11,0,12,0,0
Sidney Higa (sample) - Fourth Coffee House,Sidney Higa (sample),Fourth Coffee House,Active,Active,0,0,7,4,,,18,0,19,30,0
Susan Burk (sample) - Contoso Suites,Susan Burk (sample),Contoso Suites,Active,Active,0,0,7,4,,,11,0,12,30,0
Sidney Higa (sample) - Alpine Ski House,Sidney Higa (sample),Alpine Ski House,Active,Active,0,0,6,3,,,14,30,16,0,0
Paul Cannon (sample) - Fabrikam Residences,Paul Cannon (sample),Fabrikam Residences,Active,Active,0,0,6,3,,,13,30,14,30,0
Maria Campbell (sample) - Northwind Traders Tower,Maria Campbell (sample),Northwind Traders Tower,Active,Active,0,0,6,3,,,10,0,11,0,0
Susanna Stubberod (sample) - Alpine Ski House,Susanna Stubberod (sample),Alpine Ski House,Active,Active,0,0,5,2,,,16,30,18,0,0
Scott Konersmann (sample) - Alpine Ski House,Scott Konersmann (sample),Alpine Ski House,Active,Active,0,0,5,2,,,11,30,13,0,0
Jim Glynn (sample) - Northwind Traders Tower,Jim Glynn (sample),Northwind Traders Tower,Active,Active,0,0,5,2,,,8,30,9,0,0
Rene Valdes (sample) - Fabrikam Residences,Rene Valdes (sample),Fabrikam Residences,Active,Active,0,0,4,1,,,18,0,19,30,0
Robert Lyon (sample) - Alpine Ski House,Robert Lyon (sample),Alpine Ski House,Active,Active,0,0,4,1,,,13,0,13,30,0
Sidney Higa (sample) - Northwind Traders Tower,Sidney Higa (sample),Northwind Traders Tower,Active,Active,0,0,4,1,,,11,30,12,30,0
Patrick Sands (sample) - Alpine Ski House,Patrick Sands (sample),Alpine Ski House,Active,Active,0,0,4,1,,,11,0,11,30,0
Paul Cannon (sample) - Fourth Coffee House,Paul Cannon (sample),Fourth Coffee House,Active,Active,0,0,4,1,,,10,0,11,30,0
Thomas Andersen (sample) - Alpine Ski House,Thomas Andersen (sample),Alpine Ski House,Active,Active,0,0,4,1,,,9,30,10,0,0
Yvonne McKay (sample) - Fabrikam Residences,Yvonne McKay (sample),Fabrikam Residences,Active,Active,0,0,4,1,,,9,30,10,30,0
Susan Burk (sample) - Contoso Suites,Susan Burk (sample),Contoso Suites,Active,Active,0,0,4,1,,,8,30,10,0,0
Yvonne McKay (sample) - Fabrikam Residences,Yvonne McKay (sample),Fabrikam Residences,Active,Active,0,0,1,5,,,17,30,18,30,0
Thomas Andersen (sample) - Northwind Traders Tower,Thomas Andersen (sample),Northwind Traders Tower,Active,Active,0,0,1,5,,,16,30,17,0,0
Yvonne McKay (sample) - Fourth Coffee House,Yvonne McKay (sample),Fourth Coffee House,Active,Active,0,0,1,5,,,16,0,16,30,0
Scott Konersmann (sample) - Alpine Ski House,Scott Konersmann (sample),Alpine Ski House,Active,Active,0,0,1,5,,,15,0,15,30,0
Sidney Higa (sample) - Fourth Coffee House,Sidney Higa (sample),Fourth Coffee House,Active,Active,0,0,1,5,,,13,30,14,30,0
Paul Cannon (sample) - Fabrikam Residences,Paul Cannon (sample),Fabrikam Residences,Active,Active,0,0,1,5,,,10,0,10,30,0
Sidney Higa (sample) - Fabrikam Residences,Sidney Higa (sample),Fabrikam Residences,Active,Active,0,0,0,4,,,16,0,17,30,0
Rene Valdes (sample) - Northwind Traders Tower,Rene Valdes (sample),Northwind Traders Tower,Active,Active,0,0,0,4,,,15,30,16,0,0
Scott Konersmann (sample) - Northwind Traders Tower,Scott Konersmann (sample),Northwind Traders Tower,Active,Active,0,0,0,4,,,14,0,14,30,0
Scott Konersmann (sample) - Northwind Traders Tower,Scott Konersmann (sample),Northwind Traders Tower,Active,Active,0,0,0,4,,,12,30,14,0,0
