Address 1: City,Address 1: Country/Region,Address 1: State/Province,Address 1: Street 1,Address 1: ZIP/Postal Code,Anniversary,Birthday,Home Phone,Email,First Name,Gender,Job Title,Last Name,Marital Status,Spouse/Partner Name
Seattle,U.S.,WA,7842 Ygnacio Valley Road,12150,,8/04/1983,555-0112,someone_m@example.com,Thomas,Male,Purchasing Manager,Andersen (sample),Single,
Seattle,U.S.,WA,931 Corte De Luna,79465,,3/01/1969,555-0111,someone_l@example.com,Susan,Female,Owner,Burk (sample),Single,
Seattle,U.S.,WA,7765 Sunsine Drive,11910,,2/07/1952,555-0110,someone_k@example.com,Patrick,Male,Owner,Sands (sample),Single,
Renton,U.S.,WA,7165 Brock Lane,61795,,2/03/1959,555-0109,someone_j@example.com,Jim,Male,Owner,Glynn (sample),Single,
Seattle,U.S.,WA,4948 West Th St,73683,,11/22/84,555-0108,someone_i@example.com,Rene,Female,Purchasing Assistant,Valdes (sample),Single,
Redmond,U.S.,WA,7723 Firestone Drive,32147,10/20/05,5/07/1966,555-0107,someone_h@example.com,Paul,Male,Purchasing Assistant,Cannon (sample),Divorced,
Snohomish,U.S.,WA,7230 Berrellesa Street,78800,11/15/11,12/03/1978,555-0106,someone_g@example.com,Robert,Male,Owner,Lyon (sample),Divorced,
Issaquah,U.S.,WA,989 Caravelle Ct,33597,9/11/2001,06/17/77,555-0105,someone_f@example.com,Scott,Male,Purchasing Manager,Konersmann (sample),Divorced,
Issaquah,U.S.,WA,7691 Benedict Ct.,57065,09/14/06,7/03/1966,555-0104,someone_e@example.com,Sidney,Male,Owner,Higa (sample),Married,"Phillips, Jeff"
Monroe,U.S.,WA,3747 Likins Avenue,37925,9/12/1992,01/14/62,555-0103,someone_d@example.com,Maria,Female,Purchasing Manager,Campbell (sample),Married,"Penor, Lori"
Duvall,U.S.,WA,5086 Nottingham Place,16982,1/01/2007,04/22/60,555-0102,someone_c@example.com,Nancy,Female,Purchasing Assistant,Anderson (sample),Married,"Harris, Phyllis"
Issaquah,U.S.,WA,5979 El Pueblo,23382,02/26/03,10/12/1989,555-0101,someone_b@example.com,Susanna,Female,Purchasing Manager,Stubberod (sample),Married,"Agarwal, Manoj"
Redmond,U.S.,WA,249 Alexander Pl.,86372,2/04/1983,05/16/54,555-0100,someone_a@example.com,Yvonne,Female,Purchasing Manager,McKay (sample),Married,"Abrus, Luka"
