﻿Name,Visitor,Building,Scheduled Start,Scheduled End,Actual Start,Actual End,Status,Status Reason
Maria Campbell (sample) - Contoso Suites,Maria Campbell (sample),Contoso Suites,1/24/20 16:00,1/24/20 16:30,,,Active,Active
Sidney Higa (sample) - Alpine Ski House,Sidney Higa (sample),Alpine Ski House,1/24/20 11:30,1/24/20 13:00,,,Active,Active
Sidney Higa (sample) - Fourth Coffee House,Sidney Higa (sample),Fourth Coffee House,1/24/20 10:00,1/24/20 10:30,,,Active,Active
Scott Konersmann (sample) - Contoso Suites,Scott Konersmann (sample),Contoso Suites,1/24/20 9:30,1/24/20 11:00,,,Active,Active
Jim Glynn (sample) - Contoso Suites,Jim Glynn (sample),Contoso Suites,1/24/20 9:00,1/24/20 10:30,,,Active,Active
Nancy Anderson (sample) - Fourth Coffee House,Nancy Anderson (sample),Fourth Coffee House,1/24/20 9:00,1/24/20 9:30,,,Active,Active
Paul Cannon (sample) - Contoso Suites,Paul Cannon (sample),Contoso Suites,1/24/20 8:00,1/24/20 8:30,,,Active,Active
Yvonne McKay (sample) - Fourth Coffee House,Yvonne McKay (sample),Fourth Coffee House,1/23/20 17:30,1/23/20 18:00,,,Active,Active
Robert Lyon (sample) - Fabrikam Residences,Robert Lyon (sample),Fabrikam Residences,1/23/20 10:30,1/23/20 11:30,,,Active,Active
Sidney Higa (sample) - Fabrikam Residences,Sidney Higa (sample),Fabrikam Residences,1/23/20 9:00,1/23/20 9:30,,,Active,Active
Paul Cannon (sample) - Northwind Traders Tower,Paul Cannon (sample),Northwind Traders Tower,1/23/20 8:30,1/23/20 9:30,,,Active,Active
Jim Glynn (sample) - Northwind Traders Tower,Jim Glynn (sample),Northwind Traders Tower,1/22/20 17:30,1/22/20 19:00,,,Active,Active
Paul Cannon (sample) - Contoso Suites,Paul Cannon (sample),Contoso Suites,1/22/20 16:30,1/22/20 17:30,,,Active,Active
Patrick Sands (sample) - Contoso Suites,Patrick Sands (sample),Contoso Suites,1/22/20 16:30,1/22/20 18:00,,,Active,Active
Robert Lyon (sample) - Fabrikam Residences,Robert Lyon (sample),Fabrikam Residences,1/22/20 14:30,1/22/20 15:00,,,Active,Active
Thomas Andersen (sample) - Northwind Traders Tower,Thomas Andersen (sample),Northwind Traders Tower,1/22/20 14:00,1/22/20 15:00,,,Active,Active
Maria Campbell (sample) - Contoso Suites,Maria Campbell (sample),Contoso Suites,1/22/20 12:00,1/22/20 13:00,,,Active,Active
Susan Burk (sample) - Fabrikam Residences,Susan Burk (sample),Fabrikam Residences,1/22/20 8:30,1/22/20 10:00,,,Active,Active
Sidney Higa (sample) - Fourth Coffee House,Sidney Higa (sample),Fourth Coffee House,1/21/20 17:30,1/21/20 19:00,,,Active,Active
Rene Valdes (sample) - Fabrikam Residences,Rene Valdes (sample),Fabrikam Residences,1/21/20 12:30,1/21/20 14:00,,,Active,Active
Susanna Stubberod (sample) - Fourth Coffee House,Susanna Stubberod (sample),Fourth Coffee House,1/20/20 17:30,1/20/20 18:30,,,Active,Active
Paul Cannon (sample) - Alpine Ski House,Paul Cannon (sample),Alpine Ski House,1/20/20 16:00,1/20/20 17:00,,,Active,Active
Susanna Stubberod (sample) - Northwind Traders Tower,Susanna Stubberod (sample),Northwind Traders Tower,1/20/20 15:30,1/20/20 16:30,,,Active,Active
Nancy Anderson (sample) - Contoso Suites,Nancy Anderson (sample),Contoso Suites,1/20/20 15:00,1/20/20 15:30,,,Active,Active
Nancy Anderson (sample) - Fourth Coffee House,Nancy Anderson (sample),Fourth Coffee House,1/20/20 13:30,1/20/20 15:00,,,Active,Active
Nancy Anderson (sample) - Fourth Coffee House,Nancy Anderson (sample),Fourth Coffee House,1/20/20 12:00,1/20/20 13:00,,,Active,Active
Sidney Higa (sample) - Fourth Coffee House,Sidney Higa (sample),Fourth Coffee House,1/20/20 11:30,1/20/20 12:00,,,Active,Active
Susan Burk (sample) - Fabrikam Residences,Susan Burk (sample),Fabrikam Residences,1/20/20 10:00,1/20/20 10:30,,,Active,Active
Robert Lyon (sample) - Alpine Ski House,Robert Lyon (sample),Alpine Ski House,1/20/20 9:00,1/20/20 10:00,,,Active,Active
Patrick Sands (sample) - Alpine Ski House,Patrick Sands (sample),Alpine Ski House,1/17/20 17:00,1/17/20 17:30,,,Active,Active
Yvonne McKay (sample) - Fabrikam Residences,Yvonne McKay (sample),Fabrikam Residences,1/17/20 12:30,1/17/20 13:00,,,Active,Active
Robert Lyon (sample) - Northwind Traders Tower,Robert Lyon (sample),Northwind Traders Tower,1/17/20 12:30,1/17/20 13:00,,,Active,Active
Rene Valdes (sample) - Northwind Traders Tower,Rene Valdes (sample),Northwind Traders Tower,1/17/20 12:30,1/17/20 13:00,,,Active,Active
Maria Campbell (sample) - Northwind Traders Tower,Maria Campbell (sample),Northwind Traders Tower,1/17/20 11:00,1/17/20 12:00,,,Active,Active
Thomas Andersen (sample) - Northwind Traders Tower,Thomas Andersen (sample),Northwind Traders Tower,1/17/20 9:30,1/17/20 10:30,,,Active,Active
Sidney Higa (sample) - Fabrikam Residences,Sidney Higa (sample),Fabrikam Residences,1/16/20 17:30,1/16/20 19:00,,,Active,Active
Yvonne McKay (sample) - Alpine Ski House,Yvonne McKay (sample),Alpine Ski House,1/16/20 17:30,1/16/20 18:30,,,Active,Active
Robert Lyon (sample) - Alpine Ski House,Robert Lyon (sample),Alpine Ski House,1/16/20 13:30,1/16/20 14:00,,,Active,Active
Susan Burk (sample) - Northwind Traders Tower,Susan Burk (sample),Northwind Traders Tower,1/16/20 11:00,1/16/20 11:30,,,Active,Active
Susanna Stubberod (sample) - Alpine Ski House,Susanna Stubberod (sample),Alpine Ski House,1/16/20 8:30,1/16/20 9:00,,,Active,Active
Susan Burk (sample) - Fabrikam Residences,Susan Burk (sample),Fabrikam Residences,1/15/20 17:00,1/15/20 17:30,,,Active,Active
Patrick Sands (sample) - Fourth Coffee House,Patrick Sands (sample),Fourth Coffee House,1/15/20 16:00,1/15/20 17:00,,,Active,Active
Patrick Sands (sample) - Northwind Traders Tower,Patrick Sands (sample),Northwind Traders Tower,1/15/20 8:30,1/15/20 10:00,,,Active,Active
Patrick Sands (sample) - Contoso Suites,Patrick Sands (sample),Contoso Suites,1/14/20 14:30,1/14/20 16:00,,,Active,Active
Maria Campbell (sample) - Northwind Traders Tower,Maria Campbell (sample),Northwind Traders Tower,1/14/20 14:00,1/14/20 15:00,,,Active,Active
Nancy Anderson (sample) - Fabrikam Residences,Nancy Anderson (sample),Fabrikam Residences,1/14/20 8:30,1/14/20 10:00,,,Active,Active
Thomas Andersen (sample) - Fourth Coffee House,Thomas Andersen (sample),Fourth Coffee House,1/14/20 8:30,1/14/20 9:30,,,Active,Active
Maria Campbell (sample) - Fabrikam Residences,Maria Campbell (sample),Fabrikam Residences,1/14/20 8:00,1/14/20 9:00,,,Active,Active
Susanna Stubberod (sample) - Contoso Suites,Susanna Stubberod (sample),Contoso Suites,1/13/20 18:00,1/13/20 19:00,,,Active,Active
Thomas Andersen (sample) - Fourth Coffee House,Thomas Andersen (sample),Fourth Coffee House,1/13/20 17:00,1/13/20 17:30,,,Active,Active
Scott Konersmann (sample) - Northwind Traders Tower,Scott Konersmann (sample),Northwind Traders Tower,1/13/20 16:30,1/13/20 17:30,,,Active,Active
Nancy Anderson (sample) - Alpine Ski House,Nancy Anderson (sample),Alpine Ski House,1/13/20 15:30,1/13/20 16:00,,,Active,Active
Patrick Sands (sample) - Contoso Suites,Patrick Sands (sample),Contoso Suites,1/13/20 15:30,1/13/20 17:00,,,Active,Active
Thomas Andersen (sample) - Northwind Traders Tower,Thomas Andersen (sample),Northwind Traders Tower,1/13/20 15:00,1/13/20 16:00,,,Active,Active
Robert Lyon (sample) - Fourth Coffee House,Robert Lyon (sample),Fourth Coffee House,1/13/20 11:00,1/13/20 11:30,,,Active,Active
Scott Konersmann (sample) - Contoso Suites,Scott Konersmann (sample),Contoso Suites,1/13/20 10:00,1/13/20 10:30,,,Active,Active
Susanna Stubberod (sample) - Fabrikam Residences,Susanna Stubberod (sample),Fabrikam Residences,1/10/20 18:00,1/10/20 19:30,,,Active,Active
Maria Campbell (sample) - Alpine Ski House,Maria Campbell (sample),Alpine Ski House,1/10/20 16:00,1/10/20 17:00,,,Active,Active
Patrick Sands (sample) - Fabrikam Residences,Patrick Sands (sample),Fabrikam Residences,1/10/20 14:30,1/10/20 15:30,,,Active,Active
Susan Burk (sample) - Northwind Traders Tower,Susan Burk (sample),Northwind Traders Tower,1/10/20 11:30,1/10/20 12:00,,,Active,Active
Susan Burk (sample) - Fourth Coffee House,Susan Burk (sample),Fourth Coffee House,1/10/20 10:00,1/10/20 11:30,,,Active,Active
Thomas Andersen (sample) - Contoso Suites,Thomas Andersen (sample),Contoso Suites,1/10/20 9:30,1/10/20 11:00,,,Active,Active
Rene Valdes (sample) - Fabrikam Residences,Rene Valdes (sample),Fabrikam Residences,1/9/20 18:00,1/9/20 19:00,,,Active,Active
Nancy Anderson (sample) - Fourth Coffee House,Nancy Anderson (sample),Fourth Coffee House,1/8/20 18:00,1/8/20 18:30,,,Active,Active
Maria Campbell (sample) - Alpine Ski House,Maria Campbell (sample),Alpine Ski House,1/8/20 16:00,1/8/20 16:30,,,Active,Active
Nancy Anderson (sample) - Fourth Coffee House,Nancy Anderson (sample),Fourth Coffee House,1/8/20 15:30,1/8/20 17:00,,,Active,Active
Paul Cannon (sample) - Alpine Ski House,Paul Cannon (sample),Alpine Ski House,1/8/20 15:30,1/8/20 16:00,,,Active,Active
Susanna Stubberod (sample) - Northwind Traders Tower,Susanna Stubberod (sample),Northwind Traders Tower,1/8/20 13:30,1/8/20 14:00,,,Active,Active
Scott Konersmann (sample) - Fabrikam Residences,Scott Konersmann (sample),Fabrikam Residences,1/8/20 11:30,1/8/20 12:30,,,Active,Active
Susanna Stubberod (sample) - Contoso Suites,Susanna Stubberod (sample),Contoso Suites,1/8/20 8:30,1/8/20 9:00,,,Active,Active
Scott Konersmann (sample) - Northwind Traders Tower,Scott Konersmann (sample),Northwind Traders Tower,1/7/20 12:00,1/7/20 12:30,,,Active,Active
Rene Valdes (sample) - Northwind Traders Tower,Rene Valdes (sample),Northwind Traders Tower,1/7/20 9:00,1/7/20 10:30,,,Active,Active
Scott Konersmann (sample) - Northwind Traders Tower,Scott Konersmann (sample),Northwind Traders Tower,1/6/20 18:00,1/6/20 19:00,,,Active,Active
Maria Campbell (sample) - Contoso Suites,Maria Campbell (sample),Contoso Suites,1/6/20 9:30,1/6/20 10:30,,,Active,Active
Sidney Higa (sample) - Fourth Coffee House,Sidney Higa (sample),Fourth Coffee House,1/3/20 15:00,1/3/20 16:30,,,Active,Active
Patrick Sands (sample) - Fourth Coffee House,Patrick Sands (sample),Fourth Coffee House,1/3/20 14:30,1/3/20 16:00,,,Active,Active
Robert Lyon (sample) - Contoso Suites,Robert Lyon (sample),Contoso Suites,1/3/20 10:00,1/3/20 11:30,,,Active,Active
Susan Burk (sample) - Alpine Ski House,Susan Burk (sample),Alpine Ski House,1/2/20 15:00,1/2/20 16:30,,,Active,Active
Robert Lyon (sample) - Contoso Suites,Robert Lyon (sample),Contoso Suites,1/2/20 14:30,1/2/20 15:00,,,Active,Active
Susanna Stubberod (sample) - Alpine Ski House,Susanna Stubberod (sample),Alpine Ski House,1/2/20 11:00,1/2/20 12:30,,,Active,Active
Patrick Sands (sample) - Fourth Coffee House,Patrick Sands (sample),Fourth Coffee House,1/1/20 16:30,1/1/20 18:00,,,Active,Active
Maria Campbell (sample) - Contoso Suites,Maria Campbell (sample),Contoso Suites,1/1/20 16:30,1/1/20 18:00,,,Active,Active
Yvonne McKay (sample) - Alpine Ski House,Yvonne McKay (sample),Alpine Ski House,1/1/20 16:00,1/1/20 17:30,,,Active,Active
Patrick Sands (sample) - Fourth Coffee House,Patrick Sands (sample),Fourth Coffee House,1/1/20 14:30,1/1/20 16:00,,,Active,Active
Jim Glynn (sample) - Fabrikam Residences,Jim Glynn (sample),Fabrikam Residences,1/1/20 14:30,1/1/20 16:00,,,Active,Active
Sidney Higa (sample) - Fourth Coffee House,Sidney Higa (sample),Fourth Coffee House,1/1/20 13:00,1/1/20 14:30,,,Active,Active
Yvonne McKay (sample) - Northwind Traders Tower,Yvonne McKay (sample),Northwind Traders Tower,1/1/20 11:30,1/1/20 12:30,,,Active,Active
Nancy Anderson (sample) - Alpine Ski House,Nancy Anderson (sample),Alpine Ski House,1/1/20 10:00,1/1/20 10:30,,,Active,Active
Susan Burk (sample) - Fourth Coffee House,Susan Burk (sample),Fourth Coffee House,1/1/20 8:30,1/1/20 9:30,,,Active,Active
Thomas Andersen (sample) - Fourth Coffee House,Thomas Andersen (sample),Fourth Coffee House,12/31/19 18:00,12/31/19 19:30,,,Active,Active
Scott Konersmann (sample) - Alpine Ski House,Scott Konersmann (sample),Alpine Ski House,12/31/19 17:00,12/31/19 17:30,,,Active,Active
Jim Glynn (sample) - Alpine Ski House,Jim Glynn (sample),Alpine Ski House,12/31/19 14:30,12/31/19 15:00,,,Active,Active
Robert Lyon (sample) - Fourth Coffee House,Robert Lyon (sample),Fourth Coffee House,12/31/19 11:30,12/31/19 12:30,,,Active,Active
Nancy Anderson (sample) - Northwind Traders Tower,Nancy Anderson (sample),Northwind Traders Tower,12/31/19 10:30,12/31/19 11:00,,,Active,Active
Patrick Sands (sample) - Fourth Coffee House,Patrick Sands (sample),Fourth Coffee House,12/31/19 10:00,12/31/19 10:30,,,Active,Active
Jim Glynn (sample) - Fourth Coffee House,Jim Glynn (sample),Fourth Coffee House,12/30/19 17:30,12/30/19 18:00,,,Active,Active
Sidney Higa (sample) - Fabrikam Residences,Sidney Higa (sample),Fabrikam Residences,12/30/19 17:00,12/30/19 18:30,,,Active,Active
Yvonne McKay (sample) - Alpine Ski House,Yvonne McKay (sample),Alpine Ski House,12/30/19 15:00,12/30/19 16:00,,,Active,Active
Jim Glynn (sample) - Fabrikam Residences,Jim Glynn (sample),Fabrikam Residences,12/30/19 14:00,12/30/19 14:30,,,Active,Active
Yvonne McKay (sample) - Contoso Suites,Yvonne McKay (sample),Contoso Suites,12/30/19 11:00,12/30/19 12:00,,,Active,Active
Nancy Anderson (sample) - Northwind Traders Tower,Nancy Anderson (sample),Northwind Traders Tower,12/30/19 9:30,12/30/19 10:00,,,Active,Active
Susan Burk (sample) - Fabrikam Residences,Susan Burk (sample),Fabrikam Residences,12/27/19 18:00,12/27/19 18:30,,,Active,Active
Thomas Andersen (sample) - Contoso Suites,Thomas Andersen (sample),Contoso Suites,12/27/19 15:00,12/27/19 16:00,,,Active,Active
Robert Lyon (sample) - Fourth Coffee House,Robert Lyon (sample),Fourth Coffee House,12/27/19 11:00,12/27/19 12:00,,,Active,Active
Sidney Higa (sample) - Fourth Coffee House,Sidney Higa (sample),Fourth Coffee House,12/26/19 18:00,12/26/19 19:30,,,Active,Active
Susan Burk (sample) - Contoso Suites,Susan Burk (sample),Contoso Suites,12/26/19 11:00,12/26/19 12:30,,,Active,Active
Sidney Higa (sample) - Alpine Ski House,Sidney Higa (sample),Alpine Ski House,12/25/19 14:30,12/25/19 16:00,,,Active,Active
Paul Cannon (sample) - Fabrikam Residences,Paul Cannon (sample),Fabrikam Residences,12/25/19 13:30,12/25/19 14:30,,,Active,Active
Maria Campbell (sample) - Northwind Traders Tower,Maria Campbell (sample),Northwind Traders Tower,12/25/19 10:00,12/25/19 11:00,,,Active,Active
Susanna Stubberod (sample) - Alpine Ski House,Susanna Stubberod (sample),Alpine Ski House,12/24/19 16:30,12/24/19 18:00,,,Active,Active
Scott Konersmann (sample) - Alpine Ski House,Scott Konersmann (sample),Alpine Ski House,12/24/19 11:30,12/24/19 13:00,,,Active,Active
Jim Glynn (sample) - Northwind Traders Tower,Jim Glynn (sample),Northwind Traders Tower,12/24/19 8:30,12/24/19 9:00,,,Active,Active
Rene Valdes (sample) - Fabrikam Residences,Rene Valdes (sample),Fabrikam Residences,12/23/19 18:00,12/23/19 19:30,,,Active,Active
Robert Lyon (sample) - Alpine Ski House,Robert Lyon (sample),Alpine Ski House,12/23/19 13:00,12/23/19 13:30,,,Active,Active
Sidney Higa (sample) - Northwind Traders Tower,Sidney Higa (sample),Northwind Traders Tower,12/23/19 11:30,12/23/19 12:30,,,Active,Active
Patrick Sands (sample) - Alpine Ski House,Patrick Sands (sample),Alpine Ski House,12/23/19 11:00,12/23/19 11:30,,,Active,Active
Paul Cannon (sample) - Fourth Coffee House,Paul Cannon (sample),Fourth Coffee House,12/23/19 10:00,12/23/19 11:30,,,Active,Active
Thomas Andersen (sample) - Alpine Ski House,Thomas Andersen (sample),Alpine Ski House,12/23/19 9:30,12/23/19 10:00,,,Active,Active
Yvonne McKay (sample) - Fabrikam Residences,Yvonne McKay (sample),Fabrikam Residences,12/23/19 9:30,12/23/19 10:30,,,Active,Active
Susan Burk (sample) - Contoso Suites,Susan Burk (sample),Contoso Suites,12/23/19 8:30,12/23/19 10:00,,,Active,Active
Yvonne McKay (sample) - Fabrikam Residences,Yvonne McKay (sample),Fabrikam Residences,12/20/19 17:30,12/20/19 18:30,,,Active,Active
Thomas Andersen (sample) - Northwind Traders Tower,Thomas Andersen (sample),Northwind Traders Tower,12/20/19 16:30,12/20/19 17:00,,,Active,Active
Yvonne McKay (sample) - Fourth Coffee House,Yvonne McKay (sample),Fourth Coffee House,12/20/19 16:00,12/20/19 16:30,,,Active,Active
Scott Konersmann (sample) - Alpine Ski House,Scott Konersmann (sample),Alpine Ski House,12/20/19 15:00,12/20/19 15:30,,,Active,Active
Sidney Higa (sample) - Fourth Coffee House,Sidney Higa (sample),Fourth Coffee House,12/20/19 13:30,12/20/19 14:30,,,Active,Active
Paul Cannon (sample) - Fabrikam Residences,Paul Cannon (sample),Fabrikam Residences,12/20/19 10:00,12/20/19 10:30,,,Active,Active
Sidney Higa (sample) - Fabrikam Residences,Sidney Higa (sample),Fabrikam Residences,12/19/19 16:00,12/19/19 17:30,,,Active,Active
Rene Valdes (sample) - Northwind Traders Tower,Rene Valdes (sample),Northwind Traders Tower,12/19/19 15:30,12/19/19 16:00,,,Active,Active
Scott Konersmann (sample) - Northwind Traders Tower,Scott Konersmann (sample),Northwind Traders Tower,12/19/19 14:00,12/19/19 14:30,,,Active,Active
Scott Konersmann (sample) - Northwind Traders Tower,Scott Konersmann (sample),Northwind Traders Tower,12/19/19 12:30,12/19/19 14:00,,,Active,Active
Scott Konersmann (sample) - Fourth Coffee House,Scott Konersmann (sample),Fourth Coffee House,12/19/19 11:30,12/19/19 12:00,,,Active,Active
Rene Valdes (sample) - Alpine Ski House,Rene Valdes (sample),Alpine Ski House,12/19/19 9:30,12/19/19 10:30,,,Active,Active
Maria Campbell (sample) - Fabrikam Residences,Maria Campbell (sample),Fabrikam Residences,12/19/19 9:30,12/19/19 11:00,,,Active,Active
Robert Lyon (sample) - Fabrikam Residences,Robert Lyon (sample),Fabrikam Residences,12/19/19 9:00,12/19/19 10:30,,,Active,Active
Scott Konersmann (sample) - Fourth Coffee House,Scott Konersmann (sample),Fourth Coffee House,12/18/19 15:30,12/18/19 17:00,,,Active,Active
Robert Lyon (sample) - Fourth Coffee House,Robert Lyon (sample),Fourth Coffee House,12/18/19 15:30,12/18/19 16:30,,,Active,Active
Susan Burk (sample) - Contoso Suites,Susan Burk (sample),Contoso Suites,12/18/19 13:00,12/18/19 14:00,,,Active,Active
Patrick Sands (sample) - Fabrikam Residences,Patrick Sands (sample),Fabrikam Residences,12/18/19 13:00,12/18/19 13:30,,,Active,Active
Rene Valdes (sample) - Fabrikam Residences,Rene Valdes (sample),Fabrikam Residences,12/18/19 12:30,12/18/19 13:00,,,Active,Active
Sidney Higa (sample) - Alpine Ski House,Sidney Higa (sample),Alpine Ski House,12/18/19 12:00,12/18/19 13:30,,,Active,Active
Rene Valdes (sample) - Contoso Suites,Rene Valdes (sample),Contoso Suites,12/17/19 15:00,12/17/19 16:00,,,Active,Active
Patrick Sands (sample) - Alpine Ski House,Patrick Sands (sample),Alpine Ski House,12/16/19 16:30,12/16/19 17:30,12/16/19 16:45,12/16/19 17:32,Inactive,Inactive
Susan Burk (sample) - Alpine Ski House,Susan Burk (sample),Alpine Ski House,12/16/19 15:30,12/16/19 16:30,12/16/19 15:19,12/16/19 16:27,Inactive,Inactive
Patrick Sands (sample) - Fourth Coffee House,Patrick Sands (sample),Fourth Coffee House,12/16/19 14:00,12/16/19 14:30,12/16/19 13:51,12/16/19 14:28,Inactive,Inactive
Scott Konersmann (sample) - Contoso Suites,Scott Konersmann (sample),Contoso Suites,12/16/19 13:00,12/16/19 13:30,12/16/19 13:14,12/16/19 13:44,Inactive,Inactive
Yvonne McKay (sample) - Northwind Traders Tower,Yvonne McKay (sample),Northwind Traders Tower,12/16/19 12:00,12/16/19 12:30,12/16/19 12:03,12/16/19 12:26,Inactive,Inactive
Thomas Andersen (sample) - Fourth Coffee House,Thomas Andersen (sample),Fourth Coffee House,12/16/19 12:00,12/16/19 12:30,12/16/19 12:10,12/16/19 12:21,Inactive,Inactive
Susan Burk (sample) - Fourth Coffee House,Susan Burk (sample),Fourth Coffee House,12/13/19 16:00,12/13/19 17:30,12/13/19 16:12,12/13/19 17:42,Inactive,Inactive
Patrick Sands (sample) - Fourth Coffee House,Patrick Sands (sample),Fourth Coffee House,12/13/19 13:30,12/13/19 15:00,12/13/19 13:27,12/13/19 14:52,Inactive,Inactive
Paul Cannon (sample) - Fabrikam Residences,Paul Cannon (sample),Fabrikam Residences,12/13/19 11:30,12/13/19 13:00,12/13/19 11:40,12/13/19 13:02,Inactive,Inactive
Susanna Stubberod (sample) - Fabrikam Residences,Susanna Stubberod (sample),Fabrikam Residences,12/13/19 11:00,12/13/19 12:30,12/13/19 10:59,12/13/19 12:21,Inactive,Inactive
Patrick Sands (sample) - Fabrikam Residences,Patrick Sands (sample),Fabrikam Residences,12/13/19 10:30,12/13/19 12:00,12/13/19 10:17,12/13/19 12:13,Inactive,Inactive
Jim Glynn (sample) - Fourth Coffee House,Jim Glynn (sample),Fourth Coffee House,12/13/19 10:00,12/13/19 11:00,12/13/19 10:15,12/13/19 10:53,Inactive,Inactive
Paul Cannon (sample) - Contoso Suites,Paul Cannon (sample),Contoso Suites,12/13/19 9:00,12/13/19 10:00,12/13/19 9:05,12/13/19 10:14,Inactive,Inactive
Patrick Sands (sample) - Contoso Suites,Patrick Sands (sample),Contoso Suites,12/12/19 18:00,12/12/19 18:30,12/12/19 17:58,12/12/19 18:34,Inactive,Inactive
Scott Konersmann (sample) - Contoso Suites,Scott Konersmann (sample),Contoso Suites,12/12/19 16:00,12/12/19 16:30,12/12/19 15:58,12/12/19 16:21,Inactive,Inactive
Robert Lyon (sample) - Northwind Traders Tower,Robert Lyon (sample),Northwind Traders Tower,12/12/19 8:00,12/12/19 9:30,12/12/19 7:54,12/12/19 9:24,Inactive,Inactive
Nancy Anderson (sample) - Alpine Ski House,Nancy Anderson (sample),Alpine Ski House,12/11/19 16:00,12/11/19 16:30,12/11/19 16:14,12/11/19 16:41,Inactive,Inactive
Susanna Stubberod (sample) - Alpine Ski House,Susanna Stubberod (sample),Alpine Ski House,12/11/19 14:30,12/11/19 16:00,12/11/19 14:30,12/11/19 16:12,Inactive,Inactive
Robert Lyon (sample) - Northwind Traders Tower,Robert Lyon (sample),Northwind Traders Tower,12/11/19 9:30,12/11/19 10:00,12/11/19 9:38,12/11/19 10:09,Inactive,Inactive
Maria Campbell (sample) - Contoso Suites,Maria Campbell (sample),Contoso Suites,12/10/19 18:00,12/10/19 19:00,12/10/19 17:46,12/10/19 18:51,Inactive,Inactive
Thomas Andersen (sample) - Fourth Coffee House,Thomas Andersen (sample),Fourth Coffee House,12/10/19 13:30,12/10/19 14:00,12/10/19 13:23,12/10/19 14:03,Inactive,Inactive
Sidney Higa (sample) - Northwind Traders Tower,Sidney Higa (sample),Northwind Traders Tower,12/10/19 11:30,12/10/19 12:30,12/10/19 11:18,12/10/19 12:33,Inactive,Inactive
Maria Campbell (sample) - Contoso Suites,Maria Campbell (sample),Contoso Suites,12/10/19 9:30,12/10/19 10:00,12/10/19 9:39,12/10/19 10:06,Inactive,Inactive
Susanna Stubberod (sample) - Fabrikam Residences,Susanna Stubberod (sample),Fabrikam Residences,12/10/19 9:30,12/10/19 10:30,12/10/19 9:45,12/10/19 10:31,Inactive,Inactive
Jim Glynn (sample) - Fourth Coffee House,Jim Glynn (sample),Fourth Coffee House,12/10/19 8:00,12/10/19 9:30,12/10/19 7:45,12/10/19 9:36,Inactive,Inactive
Maria Campbell (sample) - Alpine Ski House,Maria Campbell (sample),Alpine Ski House,12/9/19 14:00,12/9/19 15:00,12/9/19 14:01,12/9/19 14:45,Inactive,Inactive
Paul Cannon (sample) - Contoso Suites,Paul Cannon (sample),Contoso Suites,12/9/19 11:30,12/9/19 13:00,12/9/19 11:31,12/9/19 12:45,Inactive,Inactive
Thomas Andersen (sample) - Fourth Coffee House,Thomas Andersen (sample),Fourth Coffee House,12/9/19 8:30,12/9/19 9:00,12/9/19 8:26,12/9/19 8:52,Inactive,Inactive
Susanna Stubberod (sample) - Fourth Coffee House,Susanna Stubberod (sample),Fourth Coffee House,12/6/19 18:00,12/6/19 18:30,12/6/19 17:55,12/6/19 18:34,Inactive,Inactive
Robert Lyon (sample) - Northwind Traders Tower,Robert Lyon (sample),Northwind Traders Tower,12/6/19 12:00,12/6/19 13:00,12/6/19 11:52,12/6/19 13:01,Inactive,Inactive
Maria Campbell (sample) - Alpine Ski House,Maria Campbell (sample),Alpine Ski House,12/6/19 11:30,12/6/19 12:00,12/6/19 11:38,12/6/19 11:46,Inactive,Inactive
Scott Konersmann (sample) - Northwind Traders Tower,Scott Konersmann (sample),Northwind Traders Tower,12/6/19 8:00,12/6/19 9:00,12/6/19 7:47,12/6/19 9:05,Inactive,Inactive
Yvonne McKay (sample) - Fourth Coffee House,Yvonne McKay (sample),Fourth Coffee House,12/5/19 18:00,12/5/19 19:00,12/5/19 17:47,12/5/19 19:10,Inactive,Inactive
Paul Cannon (sample) - Fourth Coffee House,Paul Cannon (sample),Fourth Coffee House,12/5/19 17:00,12/5/19 17:30,12/5/19 16:51,12/5/19 17:17,Inactive,Inactive
Nancy Anderson (sample) - Fabrikam Residences,Nancy Anderson (sample),Fabrikam Residences,12/5/19 15:30,12/5/19 16:30,12/5/19 15:18,12/5/19 16:15,Inactive,Inactive
Patrick Sands (sample) - Contoso Suites,Patrick Sands (sample),Contoso Suites,12/5/19 15:30,12/5/19 17:00,12/5/19 15:37,12/5/19 16:52,Inactive,Inactive
Robert Lyon (sample) - Contoso Suites,Robert Lyon (sample),Contoso Suites,12/5/19 9:30,12/5/19 10:30,12/5/19 9:29,12/5/19 10:34,Inactive,Inactive
Jim Glynn (sample) - Contoso Suites,Jim Glynn (sample),Contoso Suites,12/5/19 8:30,12/5/19 10:00,12/5/19 8:34,12/5/19 10:02,Inactive,Inactive
Scott Konersmann (sample) - Fabrikam Residences,Scott Konersmann (sample),Fabrikam Residences,12/4/19 15:30,12/4/19 17:00,12/4/19 15:22,12/4/19 16:57,Inactive,Inactive
Robert Lyon (sample) - Fabrikam Residences,Robert Lyon (sample),Fabrikam Residences,12/4/19 13:30,12/4/19 14:00,12/4/19 13:19,12/4/19 14:03,Inactive,Inactive
Jim Glynn (sample) - Contoso Suites,Jim Glynn (sample),Contoso Suites,12/4/19 12:00,12/4/19 13:00,12/4/19 12:11,12/4/19 12:52,Inactive,Inactive
Susan Burk (sample) - Fourth Coffee House,Susan Burk (sample),Fourth Coffee House,12/4/19 11:00,12/4/19 12:00,12/4/19 10:50,12/4/19 11:46,Inactive,Inactive
Maria Campbell (sample) - Contoso Suites,Maria Campbell (sample),Contoso Suites,12/3/19 17:00,12/3/19 18:00,12/3/19 17:14,12/3/19 18:01,Inactive,Inactive
Thomas Andersen (sample) - Contoso Suites,Thomas Andersen (sample),Contoso Suites,12/3/19 17:00,12/3/19 17:30,12/3/19 17:00,12/3/19 17:38,Inactive,Inactive
Nancy Anderson (sample) - Contoso Suites,Nancy Anderson (sample),Contoso Suites,12/3/19 15:30,12/3/19 16:30,12/3/19 15:24,12/3/19 16:23,Inactive,Inactive
Paul Cannon (sample) - Fabrikam Residences,Paul Cannon (sample),Fabrikam Residences,12/3/19 14:30,12/3/19 16:00,12/3/19 14:18,12/3/19 15:54,Inactive,Inactive
Susan Burk (sample) - Fourth Coffee House,Susan Burk (sample),Fourth Coffee House,12/3/19 13:30,12/3/19 14:00,12/3/19 13:18,12/3/19 13:46,Inactive,Inactive
Robert Lyon (sample) - Contoso Suites,Robert Lyon (sample),Contoso Suites,12/3/19 11:00,12/3/19 11:30,12/3/19 11:06,12/3/19 11:16,Inactive,Inactive
Thomas Andersen (sample) - Fourth Coffee House,Thomas Andersen (sample),Fourth Coffee House,12/3/19 11:00,12/3/19 12:30,12/3/19 11:03,12/3/19 12:19,Inactive,Inactive
Robert Lyon (sample) - Fourth Coffee House,Robert Lyon (sample),Fourth Coffee House,12/3/19 8:30,12/3/19 9:00,12/3/19 8:35,12/3/19 8:48,Inactive,Inactive
Robert Lyon (sample) - Fourth Coffee House,Robert Lyon (sample),Fourth Coffee House,12/2/19 17:30,12/2/19 18:00,12/2/19 17:19,12/2/19 18:01,Inactive,Inactive
Thomas Andersen (sample) - Alpine Ski House,Thomas Andersen (sample),Alpine Ski House,12/2/19 15:00,12/2/19 16:00,12/2/19 14:55,12/2/19 16:15,Inactive,Inactive
Maria Campbell (sample) - Contoso Suites,Maria Campbell (sample),Contoso Suites,12/2/19 12:30,12/2/19 14:00,12/2/19 12:22,12/2/19 14:01,Inactive,Inactive
Paul Cannon (sample) - Fourth Coffee House,Paul Cannon (sample),Fourth Coffee House,12/2/19 10:30,12/2/19 12:00,12/2/19 10:23,12/2/19 11:56,Inactive,Inactive
Robert Lyon (sample) - Fabrikam Residences,Robert Lyon (sample),Fabrikam Residences,12/2/19 10:00,12/2/19 11:30,12/2/19 9:47,12/2/19 11:42,Inactive,Inactive
Patrick Sands (sample) - Contoso Suites,Patrick Sands (sample),Contoso Suites,12/2/19 8:00,12/2/19 9:00,12/2/19 8:12,12/2/19 8:55,Inactive,Inactive
Jim Glynn (sample) - Fabrikam Residences,Jim Glynn (sample),Fabrikam Residences,11/29/19 9:30,11/29/19 11:00,11/29/19 9:18,11/29/19 10:48,Inactive,Inactive
Yvonne McKay (sample) - Fabrikam Residences,Yvonne McKay (sample),Fabrikam Residences,11/29/19 9:00,11/29/19 10:00,11/29/19 8:57,11/29/19 9:45,Inactive,Inactive
Sidney Higa (sample) - Northwind Traders Tower,Sidney Higa (sample),Northwind Traders Tower,11/29/19 8:30,11/29/19 9:30,11/29/19 8:39,11/29/19 9:30,Inactive,Inactive
Jim Glynn (sample) - Contoso Suites,Jim Glynn (sample),Contoso Suites,11/28/19 15:30,11/28/19 16:30,11/28/19 15:34,11/28/19 16:16,Inactive,Inactive
Susan Burk (sample) - Fabrikam Residences,Susan Burk (sample),Fabrikam Residences,11/27/19 15:00,11/27/19 16:30,11/27/19 14:51,11/27/19 16:30,Inactive,Inactive
Sidney Higa (sample) - Alpine Ski House,Sidney Higa (sample),Alpine Ski House,11/27/19 12:30,11/27/19 13:30,11/27/19 12:19,11/27/19 13:15,Inactive,Inactive
Susan Burk (sample) - Fourth Coffee House,Susan Burk (sample),Fourth Coffee House,11/27/19 11:00,11/27/19 12:30,11/27/19 11:09,11/27/19 12:20,Inactive,Inactive
Patrick Sands (sample) - Alpine Ski House,Patrick Sands (sample),Alpine Ski House,11/27/19 10:30,11/27/19 11:00,11/27/19 10:18,11/27/19 10:53,Inactive,Inactive
Scott Konersmann (sample) - Northwind Traders Tower,Scott Konersmann (sample),Northwind Traders Tower,11/27/19 10:00,11/27/19 11:30,11/27/19 10:01,11/27/19 11:30,Inactive,Inactive
Thomas Andersen (sample) - Alpine Ski House,Thomas Andersen (sample),Alpine Ski House,11/26/19 15:30,11/26/19 17:00,11/26/19 15:35,11/26/19 17:11,Inactive,Inactive
Paul Cannon (sample) - Alpine Ski House,Paul Cannon (sample),Alpine Ski House,11/26/19 14:30,11/26/19 15:00,11/26/19 14:16,11/26/19 15:04,Inactive,Inactive
Robert Lyon (sample) - Contoso Suites,Robert Lyon (sample),Contoso Suites,11/26/19 11:00,11/26/19 11:30,11/26/19 11:14,11/26/19 11:18,Inactive,Inactive
Paul Cannon (sample) - Northwind Traders Tower,Paul Cannon (sample),Northwind Traders Tower,11/26/19 10:30,11/26/19 11:00,11/26/19 10:24,11/26/19 11:12,Inactive,Inactive
Nancy Anderson (sample) - Contoso Suites,Nancy Anderson (sample),Contoso Suites,11/26/19 9:30,11/26/19 10:30,11/26/19 9:20,11/26/19 10:25,Inactive,Inactive
Susan Burk (sample) - Fourth Coffee House,Susan Burk (sample),Fourth Coffee House,11/26/19 9:30,11/26/19 10:30,11/26/19 9:25,11/26/19 10:39,Inactive,Inactive
Rene Valdes (sample) - Northwind Traders Tower,Rene Valdes (sample),Northwind Traders Tower,11/26/19 9:30,11/26/19 10:30,11/26/19 9:36,11/26/19 10:24,Inactive,Inactive
Nancy Anderson (sample) - Northwind Traders Tower,Nancy Anderson (sample),Northwind Traders Tower,11/26/19 9:00,11/26/19 10:30,11/26/19 9:02,11/26/19 10:28,Inactive,Inactive
Scott Konersmann (sample) - Contoso Suites,Scott Konersmann (sample),Contoso Suites,11/26/19 8:00,11/26/19 9:00,11/26/19 7:46,11/26/19 8:56,Inactive,Inactive
