<ImportExportXml version="9.2.22064.202" SolutionPackageVersion="9.2" languagecode="1033" generatedBy="CrmLive" xmlns:xsi="http://www.w3.org/2001/XMLSchema-instance">
  <SolutionManifest>
    <UniqueName>RealEstateManagement</UniqueName>
    <LocalizedNames>
      <LocalizedName description="Real Estate Management" languagecode="1033" />
    </LocalizedNames>
    <Descriptions />
    <Version>1.0.0.13</Version>
    <Managed>0</Managed>
    <Publisher>
      <UniqueName>realestate</UniqueName>
      <LocalizedNames>
        <LocalizedName description="Real Estate" languagecode="1033" />
      </LocalizedNames>
      <Descriptions />
      <EMailAddress xsi:nil="true"></EMailAddress>
      <SupportingWebsiteUrl xsi:nil="true"></SupportingWebsiteUrl>
      <CustomizationPrefix>real</CustomizationPrefix>
      <CustomizationOptionValuePrefix>79826</CustomizationOptionValuePrefix>
      <Addresses>
        <Address>
          <AddressNumber>1</AddressNumber>
          <AddressTypeCode>1</AddressTypeCode>
          <City xsi:nil="true"></City>
          <County xsi:nil="true"></County>
          <Country xsi:nil="true"></Country>
          <Fax xsi:nil="true"></Fax>
          <FreightTermsCode xsi:nil="true"></FreightTermsCode>
          <ImportSequenceNumber xsi:nil="true"></ImportSequenceNumber>
          <Latitude xsi:nil="true"></Latitude>
          <Line1 xsi:nil="true"></Line1>
          <Line2 xsi:nil="true"></Line2>
          <Line3 xsi:nil="true"></Line3>
          <Longitude xsi:nil="true"></Longitude>
          <Name xsi:nil="true"></Name>
          <PostalCode xsi:nil="true"></PostalCode>
          <PostOfficeBox xsi:nil="true"></PostOfficeBox>
          <PrimaryContactName xsi:nil="true"></PrimaryContactName>
          <ShippingMethodCode>1</ShippingMethodCode>
          <StateOrProvince xsi:nil="true"></StateOrProvince>
          <Telephone1 xsi:nil="true"></Telephone1>
          <Telephone2 xsi:nil="true"></Telephone2>
          <Telephone3 xsi:nil="true"></Telephone3>
          <TimeZoneRuleVersionNumber xsi:nil="true"></TimeZoneRuleVersionNumber>
          <UPSZone xsi:nil="true"></UPSZone>
          <UTCOffset xsi:nil="true"></UTCOffset>
          <UTCConversionTimeZoneCode xsi:nil="true"></UTCConversionTimeZoneCode>
        </Address>
        <Address>
          <AddressNumber>2</AddressNumber>
          <AddressTypeCode>1</AddressTypeCode>
          <City xsi:nil="true"></City>
          <County xsi:nil="true"></County>
          <Country xsi:nil="true"></Country>
          <Fax xsi:nil="true"></Fax>
          <FreightTermsCode xsi:nil="true"></FreightTermsCode>
          <ImportSequenceNumber xsi:nil="true"></ImportSequenceNumber>
          <Latitude xsi:nil="true"></Latitude>
          <Line1 xsi:nil="true"></Line1>
          <Line2 xsi:nil="true"></Line2>
          <Line3 xsi:nil="true"></Line3>
          <Longitude xsi:nil="true"></Longitude>
          <Name xsi:nil="true"></Name>
          <PostalCode xsi:nil="true"></PostalCode>
          <PostOfficeBox xsi:nil="true"></PostOfficeBox>
          <PrimaryContactName xsi:nil="true"></PrimaryContactName>
          <ShippingMethodCode>1</ShippingMethodCode>
          <StateOrProvince xsi:nil="true"></StateOrProvince>
          <Telephone1 xsi:nil="true"></Telephone1>
          <Telephone2 xsi:nil="true"></Telephone2>
          <Telephone3 xsi:nil="true"></Telephone3>
          <TimeZoneRuleVersionNumber xsi:nil="true"></TimeZoneRuleVersionNumber>
          <UPSZone xsi:nil="true"></UPSZone>
          <UTCOffset xsi:nil="true"></UTCOffset>
          <UTCConversionTimeZoneCode xsi:nil="true"></UTCConversionTimeZoneCode>
        </Address>
      </Addresses>
    </Publisher>
    <RootComponents>
      <RootComponent type="1" schemaName="contact" behavior="1" />
      <RootComponent type="1" schemaName="cr75a_closing" behavior="0" />
      <RootComponent type="1" schemaName="cr75a_counteroffer" behavior="0" />
      <RootComponent type="1" schemaName="cr75a_offer" behavior="0" />
      <RootComponent type="1" schemaName="cr75a_openhouse" behavior="0" />
      <RootComponent type="1" schemaName="cr75a_realestateproperty" behavior="0" />
      <RootComponent type="1" schemaName="cr75a_showing" behavior="0" />
      <RootComponent type="1" schemaName="cr75a_similarproperties" behavior="0" />
      <RootComponent type="1" schemaName="new_showingtoclosing" behavior="0" />
      <RootComponent type="1" schemaName="real_propertyimages" behavior="0" />
      <RootComponent type="9" schemaName="cr75a_bathrooms" behavior="0" />
      <RootComponent type="9" schemaName="cr75a_bedrooms" behavior="0" />
      <RootComponent type="9" schemaName="cr75a_levelofinterest" behavior="0" />
      <RootComponent type="9" schemaName="cr75a_propertytype" behavior="0" />
      <RootComponent type="29" id="{1ebd00f9-0138-ea11-a813-000d3a80c0ee}" behavior="0" />
      <RootComponent type="61" schemaName="new_OpenHouse" behavior="0" />
      <RootComponent type="61" schemaName="new_Openhouse16" behavior="0" />
      <RootComponent type="61" schemaName="new_OpenHouse32" behavior="0" />
      <RootComponent type="61" schemaName="new_Property" behavior="0" />
      <RootComponent type="61" schemaName="new_Property16" behavior="0" />
      <RootComponent type="61" schemaName="new_Property32" behavior="0" />
      <RootComponent type="61" schemaName="new_Showing" behavior="0" />
      <RootComponent type="61" schemaName="new_Showing16" behavior="0" />
      <RootComponent type="61" schemaName="new_Showing32" behavior="0" />
      <RootComponent type="62" schemaName="cr75a_RealEstateInternal" behavior="0" />
      <RootComponent type="80" schemaName="cr75a_RealEstateInternal" behavior="0" />
      <RootComponent type="300" schemaName="real_propertyintakeapp_87fce" behavior="0" />
      <RootComponent type="300" schemaName="real_similarpropertiesapp_367ab" behavior="0" />
      <RootComponent type="431" schemaName="real_propertyimages real_propertyimage" behavior="0" />
      <RootComponent type="432" schemaName="real_propertyimages" behavior="0" />
    </RootComponents>
    <MissingDependencies>
      <MissingDependency>
        <Required type="60" displayName="Contact" parentDisplayName="Contact" solution="msdynce_AppCommon (9.0.4.0066)" id="{1fed44d1-ae68-4a41-bd2b-f13acac4acfa}">
          <package>msdynce_AppCommonAnchor (9.0.22064.10001)</package>
        </Required>
        <Dependent type="60" displayName="Contact" parentDisplayName="Contact" id="{1fed44d1-ae68-4a41-bd2b-f13acac4acfa}" />
      </MissingDependency>
      <MissingDependency>
        <Required type="61" schemaName="msdyn_/Images/AppModule_Default_Icon.png" displayName="msdyn_/Images/AppModule_Default_Icon.png" solution="AppModuleWebResources (2.5)" />
        <Dependent type="80" schemaName="cr75a_RealEstateInternal" displayName="Real Estate Internal" />
      </MissingDependency>
      <MissingDependency>
        <Required type="66" schemaName="MscrmControls.CardFeedContainer.CardFeedContainer" displayName="MscrmControls.CardFeedContainer.CardFeedContainer" solution="BaseCustomControlsCore (9.0.2206.4007)" />
        <Dependent type="60" displayName="Contact" parentDisplayName="Contact" id="{1fed44d1-ae68-4a41-bd2b-f13acac4acfa}" />
      </MissingDependency>
    </MissingDependencies>
  </SolutionManifest>
</ImportExportXml>